225,"Ã¡","AAcute"
257,"Ä","ABar"
259,"Äƒ","ACup"
228,"Ã¤","ADoubleDot"
230,"Ã¦","AE"
224,"Ã ","AGrave"
226,"Ã¢","AHat"
63272,"ïœ¨","Akuz"
8501,"â„µ","Aleph"
63332,"ï¤","AliasDelimiter"
63336,"ï¨","AliasIndicator"
63328,"ï ","AlignmentMarker"
945,"Î±","Alpha"
63441,"ïŸ‘","AltKey"
8743,"âˆ§","And"
63273,"ïœ©","Andy"
8736,"âˆ ","Angle"
8491,"â„«","Angstrom"
9810,"â™’","AquariusSign"
9800,"â™ˆ","AriesSign"
229,"Ã¥","ARing"
8944,"â‹°","AscendingEllipsis"
227,"Ã£","ATilde"
62376,"ïŽ¨","AutoLeftMatch"
62382,"ïŽ®","AutoOperand"
62372,"ïŽ¤","AutoPlaceholder"
62377,"ïŽ©","AutoRightMatch"
62381,"ïŽ­","AutoSpace"
8726,"âˆ–","Backslash"
9835,"â™«","BeamedEighthNote"
9836,"â™¬","BeamedSixteenthNote"
8757,"âˆµ","Because"
8502,"â„¶","Bet"
946,"Î²","Beta"
9821,"â™","BlackBishop"
9818,"â™š","BlackKing"
9822,"â™ž","BlackKnight"
9823,"â™Ÿ","BlackPawn"
9819,"â™›","BlackQueen"
9820,"â™œ","BlackRook"
728,"Ë˜","Breve"
8226,"â€¢","Bullet"
263,"Ä‡","CAcute"
9803,"â™‹","CancerSign"
8994,"âŒ¢","Cap"
193,"Ã","CapitalAAcute"
256,"Ä€","CapitalABar"
258,"Ä‚","CapitalACup"
196,"Ã„","CapitalADoubleDot"
198,"Ã†","CapitalAE"
192,"Ã€","CapitalAGrave"
194,"Ã‚","CapitalAHat"
913,"Î‘","CapitalAlpha"
197,"Ã…","CapitalARing"
195,"Ãƒ","CapitalATilde"
914,"Î’","CapitalBeta"
262,"Ä†","CapitalCAcute"
199,"Ã‡","CapitalCCedilla"
268,"ÄŒ","CapitalCHacek"
935,"Î§","CapitalChi"
916,"Î”","CapitalDelta"
270,"ÄŽ","CapitalDHacek"
63307,"ï‹","CapitalDifferentialD"
988,"Ïœ","CapitalDigamma"
201,"Ã‰","CapitalEAcute"
274,"Ä’","CapitalEBar"
276,"Ä”","CapitalECup"
203,"Ã‹","CapitalEDoubleDot"
200,"Ãˆ","CapitalEGrave"
282,"Äš","CapitalEHacek"
202,"ÃŠ","CapitalEHat"
917,"Î•","CapitalEpsilon"
919,"Î—","CapitalEta"
208,"Ã","CapitalEth"
915,"Î“","CapitalGamma"
205,"Ã","CapitalIAcute"
300,"Ä¬","CapitalICup"
207,"Ã","CapitalIDoubleDot"
204,"ÃŒ","CapitalIGrave"
206,"ÃŽ","CapitalIHat"
921,"Î™","CapitalIota"
922,"Îš","CapitalKappa"
990,"Ïž","CapitalKoppa"
923,"Î›","CapitalLambda"
321,"Å","CapitalLSlash"
924,"Îœ","CapitalMu"
327,"Å‡","CapitalNHacek"
209,"Ã‘","CapitalNTilde"
925,"Î","CapitalNu"
211,"Ã“","CapitalOAcute"
336,"Å","CapitalODoubleAcute"
214,"Ã–","CapitalODoubleDot"
338,"Å’","CapitalOE"
210,"Ã’","CapitalOGrave"
212,"Ã”","CapitalOHat"
937,"Î©","CapitalOmega"
927,"ÎŸ","CapitalOmicron"
216,"Ã˜","CapitalOSlash"
213,"Ã•","CapitalOTilde"
934,"Î¦","CapitalPhi"
928,"Î ","CapitalPi"
936,"Î¨","CapitalPsi"
344,"Å˜","CapitalRHacek"
929,"Î¡","CapitalRho"
992,"Ï ","CapitalSampi"
352,"Å ","CapitalSHacek"
931,"Î£","CapitalSigma"
986,"Ïš","CapitalStigma"
932,"Î¤","CapitalTau"
356,"Å¤","CapitalTHacek"
920,"Î˜","CapitalTheta"
222,"Ãž","CapitalThorn"
218,"Ãš","CapitalUAcute"
368,"Å°","CapitalUDoubleAcute"
220,"Ãœ","CapitalUDoubleDot"
217,"Ã™","CapitalUGrave"
219,"Ã›","CapitalUHat"
933,"Î¥","CapitalUpsilon"
366,"Å®","CapitalURing"
926,"Îž","CapitalXi"
221,"Ã","CapitalYAcute"
918,"Î–","CapitalZeta"
381,"Å½","CapitalZHacek"
9809,"â™‘","CapricornSign"
231,"Ã§","CCedilla"
184,"Â¸","Cedilla"
162,"Â¢","Cent"
183,"Â·","CenterDot"
8943,"â‹¯","CenterEllipsis"
269,"Ä","CHacek"
9746,"â˜’","CheckedBox"
10003,"âœ“","Checkmark"
9745,"â˜‘","CheckmarkedBox"
967,"Ï‡","Chi"
8857,"âŠ™","CircleDot"
8854,"âŠ–","CircleMinus"
8853,"âŠ•","CirclePlus"
8855,"âŠ—","CircleTimes"
8754,"âˆ²","ClockwiseContourIntegral"
8221,"â€","CloseCurlyDoubleQuote"
8217,"â€™","CloseCurlyQuote"
8984,"âŒ˜","CloverLeaf"
9827,"â™£","ClubSuit"
8758,"âˆ¶","Colon"
63338,"ïª","CommandKey"
92,"\[COMPATIBILITYKanjiSpace]","COMPATIBILITYKanjiSpace"
92,"\[COMPATIBILITYNoBreak]","COMPATIBILITYNoBreak"
62419,"ï“","Conditioned"
8801,"â‰¡","Congruent"
62408,"ïˆ","Conjugate"
62409,"ï‰","ConjugateTranspose"
63450,"ïŸš","ConstantC"
62385,"ïŽ±","Continuation"
62425,"ï™","ContinuedFractionK"
8750,"âˆ®","ContourIntegral"
63331,"ï£","ControlKey"
8720,"âˆ","Coproduct"
169,"Â©","Copyright"
8755,"âˆ³","CounterClockwiseContourIntegral"
62624,"ï’ ","Cross"
8995,"âŒ£","Cup"
8781,"â‰","CupCap"
62424,"ï˜","Curl"
978,"Ï’","CurlyCapitalUpsilon"
949,"Îµ","CurlyEpsilon"
1008,"Ï°","CurlyKappa"
966,"Ï†","CurlyPhi"
982,"Ï–","CurlyPi"
1009,"Ï±","CurlyRho"
977,"Ï‘","CurlyTheta"
164,"Â¤","Currency"
8224,"â€ ","Dagger"
8504,"â„¸","Dalet"
8211,"â€“","Dash"
176,"Â°","Degree"
8711,"âˆ‡","Del"
63440,"ïŸ","DeleteKey"
948,"Î´","Delta"
8945,"â‹±","DescendingEllipsis"
271,"Ä","DHacek"
8960,"âŒ€","Diameter"
8900,"â‹„","Diamond"
9826,"â™¢","DiamondSuit"
62628,"ï’¤","DifferenceDelta"
63308,"ïŒ","DifferentialD"
989,"Ï","Digamma"
62421,"ï•","DirectedEdge"
62629,"ï’¥","DiscreteRatio"
62627,"ï’£","DiscreteShift"
173,"Â­","DiscretionaryHyphen"
63342,"ï®","DiscretionaryLineSeparator"
62399,"ïŽ¿","DiscretionaryPageBreakAbove"
62406,"ï†","DiscretionaryPageBreakBelow"
63343,"ï¯","DiscretionaryParagraphSeparator"
62418,"ï’","Distributed"
62423,"ï—","Divergence"
247,"Ã·","Divide"
8739,"âˆ£","Divides"
8725,"âˆ•","DivisionSlash"
8784,"â‰","DotEqual"
305,"Ä±","DotlessI"
63232,"ïœ€","DotlessJ"
63313,"ï‘","DottedSquare"
8751,"âˆ¯","DoubleContourIntegral"
8225,"â€¡","DoubleDagger"
63306,"ïŠ","DoubledGamma"
168,"Â¨","DoubleDot"
8659,"â‡“","DoubleDownArrow"
63305,"ï‰","DoubledPi"
8656,"â‡","DoubleLeftArrow"
8660,"â‡”","DoubleLeftRightArrow"
10980,"â«¤","DoubleLeftTee"
10232,"âŸ¸","DoubleLongLeftArrow"
10234,"âŸº","DoubleLongLeftRightArrow"
10233,"âŸ¹","DoubleLongRightArrow"
8243,"â€³","DoublePrime"
8658,"â‡’","DoubleRightArrow"
8872,"âŠ¨","DoubleRightTee"
63206,"ï›¦","DoubleStruckA"
63207,"ï›§","DoubleStruckB"
63208,"ï›¨","DoubleStruckC"
63396,"ïž¤","DoubleStruckCapitalA"
63397,"ïž¥","DoubleStruckCapitalB"
63398,"ïž¦","DoubleStruckCapitalC"
63399,"ïž§","DoubleStruckCapitalD"
63400,"ïž¨","DoubleStruckCapitalE"
63401,"ïž©","DoubleStruckCapitalF"
63402,"ïžª","DoubleStruckCapitalG"
63403,"ïž«","DoubleStruckCapitalH"
63404,"ïž¬","DoubleStruckCapitalI"
63405,"ïž­","DoubleStruckCapitalJ"
63406,"ïž®","DoubleStruckCapitalK"
63407,"ïž¯","DoubleStruckCapitalL"
63408,"ïž°","DoubleStruckCapitalM"
63409,"ïž±","DoubleStruckCapitalN"
63410,"ïž²","DoubleStruckCapitalO"
63411,"ïž³","DoubleStruckCapitalP"
63412,"ïž´","DoubleStruckCapitalQ"
63413,"ïžµ","DoubleStruckCapitalR"
63414,"ïž¶","DoubleStruckCapitalS"
63415,"ïž·","DoubleStruckCapitalT"
63416,"ïž¸","DoubleStruckCapitalU"
63417,"ïž¹","DoubleStruckCapitalV"
63418,"ïžº","DoubleStruckCapitalW"
63419,"ïž»","DoubleStruckCapitalX"
63420,"ïž¼","DoubleStruckCapitalY"
63421,"ïž½","DoubleStruckCapitalZ"
63209,"ï›©","DoubleStruckD"
63210,"ï›ª","DoubleStruckE"
63459,"ïŸ£","DoubleStruckEight"
63211,"ï›«","DoubleStruckF"
63456,"ïŸ ","DoubleStruckFive"
63455,"ïŸŸ","DoubleStruckFour"
63212,"ï›¬","DoubleStruckG"
63213,"ï›­","DoubleStruckH"
63214,"ï›®","DoubleStruckI"
63215,"ï›¯","DoubleStruckJ"
63216,"ï›°","DoubleStruckK"
63217,"ï›±","DoubleStruckL"
63218,"ï›²","DoubleStruckM"
63219,"ï›³","DoubleStruckN"
63460,"ïŸ¤","DoubleStruckNine"
63220,"ï›´","DoubleStruckO"
63452,"ïŸœ","DoubleStruckOne"
63221,"ï›µ","DoubleStruckP"
63222,"ï›¶","DoubleStruckQ"
63223,"ï›·","DoubleStruckR"
63224,"ï›¸","DoubleStruckS"
63458,"ïŸ¢","DoubleStruckSeven"
63457,"ïŸ¡","DoubleStruckSix"
63225,"ï›¹","DoubleStruckT"
63454,"ïŸž","DoubleStruckThree"
63453,"ïŸ","DoubleStruckTwo"
63226,"ï›º","DoubleStruckU"
63227,"ï›»","DoubleStruckV"
63228,"ï›¼","DoubleStruckW"
63229,"ï›½","DoubleStruckX"
63230,"ï›¾","DoubleStruckY"
63231,"ï›¿","DoubleStruckZ"
63451,"ïŸ›","DoubleStruckZero"
8657,"â‡‘","DoubleUpArrow"
8661,"â‡•","DoubleUpDownArrow"
8741,"âˆ¥","DoubleVerticalBar"
8595,"â†“","DownArrow"
10515,"â¤“","DownArrowBar"
8693,"â‡µ","DownArrowUpArrow"
63317,"ï•","DownBreve"
161,"Â¡","DownExclamation"
10576,"â¥","DownLeftRightVector"
10590,"â¥ž","DownLeftTeeVector"
8637,"â†½","DownLeftVector"
10582,"â¥–","DownLeftVectorBar"
9662,"â–¾","DownPointer"
191,"Â¿","DownQuestion"
10591,"â¥Ÿ","DownRightTeeVector"
8641,"â‡","DownRightVector"
10583,"â¥—","DownRightVectorBar"
8868,"âŠ¤","DownTee"
8615,"â†§","DownTeeArrow"
233,"Ã©","EAcute"
62431,"ïŸ","Earth"
275,"Ä“","EBar"
277,"Ä•","ECup"
235,"Ã«","EDoubleDot"
232,"Ã¨","EGrave"
283,"Ä›","EHacek"
234,"Ãª","EHat"
9834,"â™ª","EighthNote"
8712,"âˆˆ","Element"
8230,"â€¦","Ellipsis"
9675,"â—‹","EmptyCircle"
9671,"â—‡","EmptyDiamond"
9661,"â–½","EmptyDownTriangle"
9647,"â–¯","EmptyRectangle"
8709,"âˆ…","EmptySet"
9702,"â—¦","EmptySmallCircle"
9723,"â—»","EmptySmallSquare"
9633,"â–¡","EmptySquare"
9651,"â–³","EmptyUpTriangle"
9643,"â–«","EmptyVerySmallSquare"
63444,"ïŸ”","EnterKey"
62393,"ïŽ¹","EntityEnd"
62392,"ïŽ¸","EntityStart"
1013,"Ïµ","Epsilon"
62513,"ï±","Equal"
8770,"â‰‚","EqualTilde"
8652,"â‡Œ","Equilibrium"
10726,"â§¦","Equivalent"
63335,"ï§","ErrorIndicator"
63337,"ï©","EscapeKey"
951,"Î·","Eta"
240,"Ã°","Eth"
8364,"â‚¬","Euro"
8707,"âˆƒ","Exists"
62429,"ï","ExpectationE"
63309,"ï","ExponentialE"
64257,"ï¬","FiLigature"
9679,"â—","FilledCircle"
9670,"â—†","FilledDiamond"
9660,"â–¼","FilledDownTriangle"
9664,"â—€","FilledLeftTriangle"
9646,"â–®","FilledRectangle"
9654,"â–¶","FilledRightTriangle"
63312,"ï","FilledSmallCircle"
9724,"â—¼","FilledSmallSquare"
9632,"â– ","FilledSquare"
9650,"â–²","FilledUpTriangle"
9642,"â–ª","FilledVerySmallSquare"
962,"Ï‚","FinalSigma"
63482,"ïŸº","FirstPage"
9733,"â˜…","FivePointedStar"
9837,"â™­","Flat"
64258,"ï¬‚","FlLigature"
402,"Æ’","Florin"
8704,"âˆ€","ForAll"
63488,"ï €","FormalA"
63572,"ï¡”","FormalAlpha"
63489,"ï ","FormalB"
63573,"ï¡•","FormalBeta"
63490,"ï ‚","FormalC"
63514,"ï š","FormalCapitalA"
63540,"ï ´","FormalCapitalAlpha"
63515,"ï ›","FormalCapitalB"
63541,"ï µ","FormalCapitalBeta"
63516,"ï œ","FormalCapitalC"
63562,"ï¡Š","FormalCapitalChi"
63517,"ï ","FormalCapitalD"
63543,"ï ·","FormalCapitalDelta"
63615,"ï¡¿","FormalCapitalDigamma"
63518,"ï ž","FormalCapitalE"
63544,"ï ¸","FormalCapitalEpsilon"
63546,"ï º","FormalCapitalEta"
63519,"ï Ÿ","FormalCapitalF"
63520,"ï  ","FormalCapitalG"
63542,"ï ¶","FormalCapitalGamma"
63521,"ï ¡","FormalCapitalH"
63522,"ï ¢","FormalCapitalI"
63548,"ï ¼","FormalCapitalIota"
63523,"ï £","FormalCapitalJ"
63524,"ï ¤","FormalCapitalK"
63549,"ï ½","FormalCapitalKappa"
63617,"ï¢","FormalCapitalKoppa"
63525,"ï ¥","FormalCapitalL"
63550,"ï ¾","FormalCapitalLambda"
63526,"ï ¦","FormalCapitalM"
63551,"ï ¿","FormalCapitalMu"
63527,"ï §","FormalCapitalN"
63552,"ï¡€","FormalCapitalNu"
63528,"ï ¨","FormalCapitalO"
63564,"ï¡Œ","FormalCapitalOmega"
63554,"ï¡‚","FormalCapitalOmicron"
63529,"ï ©","FormalCapitalP"
63561,"ï¡‰","FormalCapitalPhi"
63555,"ï¡ƒ","FormalCapitalPi"
63563,"ï¡‹","FormalCapitalPsi"
63530,"ï ª","FormalCapitalQ"
63531,"ï «","FormalCapitalR"
63556,"ï¡„","FormalCapitalRho"
63532,"ï ¬","FormalCapitalS"
63619,"ï¢ƒ","FormalCapitalSampi"
63558,"ï¡†","FormalCapitalSigma"
63613,"ï¡½","FormalCapitalStigma"
63533,"ï ­","FormalCapitalT"
63559,"ï¡‡","FormalCapitalTau"
63547,"ï »","FormalCapitalTheta"
63534,"ï ®","FormalCapitalU"
63560,"ï¡ˆ","FormalCapitalUpsilon"
63535,"ï ¯","FormalCapitalV"
63536,"ï °","FormalCapitalW"
63537,"ï ±","FormalCapitalX"
63553,"ï¡","FormalCapitalXi"
63538,"ï ²","FormalCapitalY"
63539,"ï ³","FormalCapitalZ"
63545,"ï ¹","FormalCapitalZeta"
63594,"ï¡ª","FormalChi"
63605,"ï¡µ","FormalCurlyCapitalUpsilon"
63576,"ï¡˜","FormalCurlyEpsilon"
63621,"ï¢…","FormalCurlyKappa"
63593,"ï¡©","FormalCurlyPhi"
63609,"ï¡¹","FormalCurlyPi"
63622,"ï¢†","FormalCurlyRho"
63604,"ï¡´","FormalCurlyTheta"
63491,"ï ƒ","FormalD"
63575,"ï¡—","FormalDelta"
63616,"ï¢€","FormalDigamma"
63492,"ï „","FormalE"
63626,"ï¢Š","FormalEpsilon"
63578,"ï¡š","FormalEta"
63493,"ï …","FormalF"
63589,"ï¡¥","FormalFinalSigma"
63494,"ï †","FormalG"
63574,"ï¡–","FormalGamma"
63495,"ï ‡","FormalH"
63496,"ï ˆ","FormalI"
63580,"ï¡œ","FormalIota"
63497,"ï ‰","FormalJ"
63498,"ï Š","FormalK"
63581,"ï¡","FormalKappa"
63618,"ï¢‚","FormalKoppa"
63499,"ï ‹","FormalL"
63582,"ï¡ž","FormalLambda"
63500,"ï Œ","FormalM"
63583,"ï¡Ÿ","FormalMu"
63501,"ï ","FormalN"
63584,"ï¡ ","FormalNu"
63502,"ï Ž","FormalO"
63596,"ï¡¬","FormalOmega"
63586,"ï¡¢","FormalOmicron"
63503,"ï ","FormalP"
63608,"ï¡¸","FormalPhi"
63587,"ï¡£","FormalPi"
63595,"ï¡«","FormalPsi"
63504,"ï ","FormalQ"
63505,"ï ‘","FormalR"
63588,"ï¡¤","FormalRho"
63506,"ï ’","FormalS"
63620,"ï¢„","FormalSampi"
63590,"ï¡¦","FormalSigma"
63614,"ï¡¾","FormalStigma"
63507,"ï “","FormalT"
63591,"ï¡§","FormalTau"
63579,"ï¡›","FormalTheta"
63508,"ï ”","FormalU"
63592,"ï¡¨","FormalUpsilon"
63509,"ï •","FormalV"
63510,"ï –","FormalW"
63511,"ï —","FormalX"
63585,"ï¡¡","FormalXi"
63512,"ï ˜","FormalY"
63513,"ï ™","FormalZ"
63577,"ï¡™","FormalZeta"
63265,"ïœ¡","FreakedSmiley"
62289,"ï‘","FreeformPrompt"
62625,"ï’¡","Function"
947,"Î³","Gamma"
9802,"â™Š","GeminiSign"
8503,"â„·","Gimel"
63180,"ï›Œ","GothicA"
63181,"ï›","GothicB"
63182,"ï›Ž","GothicC"
63370,"ïžŠ","GothicCapitalA"
63371,"ïž‹","GothicCapitalB"
8493,"â„­","GothicCapitalC"
63373,"ïž","GothicCapitalD"
63374,"ïžŽ","GothicCapitalE"
63375,"ïž","GothicCapitalF"
63376,"ïž","GothicCapitalG"
8460,"â„Œ","GothicCapitalH"
8465,"â„‘","GothicCapitalI"
63379,"ïž“","GothicCapitalJ"
63380,"ïž”","GothicCapitalK"
63381,"ïž•","GothicCapitalL"
63382,"ïž–","GothicCapitalM"
63383,"ïž—","GothicCapitalN"
63384,"ïž˜","GothicCapitalO"
63385,"ïž™","GothicCapitalP"
63386,"ïžš","GothicCapitalQ"
8476,"â„œ","GothicCapitalR"
63388,"ïžœ","GothicCapitalS"
63389,"ïž","GothicCapitalT"
63390,"ïžž","GothicCapitalU"
63391,"ïžŸ","GothicCapitalV"
63392,"ïž ","GothicCapitalW"
63393,"ïž¡","GothicCapitalX"
63394,"ïž¢","GothicCapitalY"
8488,"â„¨","GothicCapitalZ"
63183,"ï›","GothicD"
63184,"ï›","GothicE"
63469,"ïŸ­","GothicEight"
63185,"ï›‘","GothicF"
63466,"ïŸª","GothicFive"
63465,"ïŸ©","GothicFour"
63186,"ï›’","GothicG"
63187,"ï›“","GothicH"
63188,"ï›”","GothicI"
63189,"ï›•","GothicJ"
63190,"ï›–","GothicK"
63191,"ï›—","GothicL"
63192,"ï›˜","GothicM"
63193,"ï›™","GothicN"
63471,"ïŸ¯","GothicNine"
63194,"ï›š","GothicO"
63462,"ïŸ¦","GothicOne"
63195,"ï››","GothicP"
63196,"ï›œ","GothicQ"
63197,"ï›","GothicR"
63198,"ï›ž","GothicS"
63468,"ïŸ¬","GothicSeven"
63467,"ïŸ«","GothicSix"
63199,"ï›Ÿ","GothicT"
63464,"ïŸ¨","GothicThree"
63463,"ïŸ§","GothicTwo"
63200,"ï› ","GothicU"
63201,"ï›¡","GothicV"
63202,"ï›¢","GothicW"
63203,"ï›£","GothicX"
63204,"ï›¤","GothicY"
63205,"ï›¥","GothicZ"
63461,"ïŸ¥","GothicZero"
62422,"ï–","Gradient"
63315,"ï“","GrayCircle"
63314,"ï’","GraySquare"
8805,"â‰¥","GreaterEqual"
8923,"â‹›","GreaterEqualLess"
8807,"â‰§","GreaterFullEqual"
8811,"â‰«","GreaterGreater"
8823,"â‰·","GreaterLess"
10878,"â©¾","GreaterSlantEqual"
8819,"â‰³","GreaterTilde"
711,"Ë‡","Hacek"
9786,"â˜º","HappySmiley"
8463,"â„","HBar"
9825,"â™¡","HeartSuit"
62414,"ïŽ","HermitianConjugate"
9472,"â”€","HorizontalLine"
8782,"â‰Ž","HumpDownHump"
8783,"â‰","HumpEqual"
8208,"â€","Hyphen"
237,"Ã­","IAcute"
301,"Ä­","ICup"
239,"Ã¯","IDoubleDot"
236,"Ã¬","IGrave"
238,"Ã®","IHat"
63310,"ïŽ","ImaginaryI"
63311,"ï","ImaginaryJ"
62366,"ïŽž","ImplicitPlus"
62755,"ï”£","Implies"
62371,"
","IndentingNewLine"
8734,"âˆž","Infinity"
62750,"ï”ž","InlinePart"
8747,"âˆ«","Integral"
8898,"â‹‚","Intersection"
63341,"ï­","InvisibleApplication"
63333,"ï¥","InvisibleComma"
62388,"ïŽ´","InvisiblePostfixScriptBase"
62387,"ïŽ³","InvisiblePrefixScriptBase"
62304,"ï ","InvisibleSpace"
8290,"â¢","InvisibleTimes"
953,"Î¹","Iota"
9795,"â™ƒ","Jupiter"
954,"Îº","Kappa"
63318,"ï–","KernelIcon"
63443,"ïŸ“","KeyBar"
991,"ÏŸ","Koppa"
955,"Î»","Lambda"
8710,"âˆ†","Laplacian"
63483,"ïŸ»","LastPage"
9001,"âŒ©","LeftAngleBracket"
8592,"â†","LeftArrow"
8676,"â‡¤","LeftArrowBar"
8646,"â‡†","LeftArrowRightArrow"
61715,"ï„“","LeftAssociation"
62979,"ï˜ƒ","LeftBracketingBar"
8968,"âŒˆ","LeftCeiling"
12314,"ã€š","LeftDoubleBracket"
62981,"ï˜…","LeftDoubleBracketingBar"
10593,"â¥¡","LeftDownTeeVector"
8643,"â‡ƒ","LeftDownVector"
10585,"â¥™","LeftDownVectorBar"
8970,"âŒŠ","LeftFloor"
171,"Â«","LeftGuillemet"
63339,"ï«","LeftModified"
9666,"â—‚","LeftPointer"
8596,"â†”","LeftRightArrow"
10574,"â¥Ž","LeftRightVector"
63329,"ï¡","LeftSkeleton"
8867,"âŠ£","LeftTee"
8612,"â†¤","LeftTeeArrow"
10586,"â¥š","LeftTeeVector"
8882,"âŠ²","LeftTriangle"
10703,"â§","LeftTriangleBar"
8884,"âŠ´","LeftTriangleEqual"
10577,"â¥‘","LeftUpDownVector"
10592,"â¥ ","LeftUpTeeVector"
8639,"â†¿","LeftUpVector"
10584,"â¥˜","LeftUpVectorBar"
8636,"â†¼","LeftVector"
10578,"â¥’","LeftVectorBar"
9804,"â™Œ","LeoSign"
8804,"â‰¤","LessEqual"
8922,"â‹š","LessEqualGreater"
8806,"â‰¦","LessFullEqual"
8822,"â‰¶","LessGreater"
8810,"â‰ª","LessLess"
10877,"â©½","LessSlantEqual"
8818,"â‰²","LessTilde"
63316,"ï”","LetterSpace"
9806,"â™Ž","LibraSign"
63267,"ïœ£","LightBulb"
62520,"ï¸","Limit"
8232,"â€¨","LineSeparator"
8212,"â€”","LongDash"
63449,"ïŸ™","LongEqual"
10229,"âŸµ","LongLeftArrow"
10231,"âŸ·","LongLeftRightArrow"
10230,"âŸ¶","LongRightArrow"
8601,"â†™","LowerLeftArrow"
8600,"â†˜","LowerRightArrow"
322,"Å‚","LSlash"
9794,"â™‚","Mars"
63319,"ï—","MathematicaIcon"
62521,"ï¹","MaxLimit"
8737,"âˆ¡","MeasuredAngle"
8287,"âŸ","MediumSpace"
9791,"â˜¿","Mercury"
8487,"â„§","Mho"
181,"Âµ","Micro"
62522,"ïº","MinLimit"
8722,"âˆ’","Minus"
8723,"âˆ“","MinusPlus"
63446,"ïŸ–","Mod1Key"
63447,"ïŸ—","Mod2Key"
9790,"â˜¾","Moon"
956,"Î¼","Mu"
8892,"âŠ¼","Nand"
9838,"â™®","Natural"
62339,"ïŽƒ","NegativeMediumSpace"
62340,"ïŽ„","NegativeThickSpace"
62338,"ïŽ‚","NegativeThinSpace"
62336,"ïŽ€","NegativeVeryThinSpace"
9798,"â™†","Neptune"
10914,"âª¢","NestedGreaterGreater"
10913,"âª¡","NestedLessLess"
63266,"ïœ¢","NeutralSmiley"
10,"
","NewLine"
328,"Åˆ","NHacek"
8288,"â ","NoBreak"
160,"Â ","NonBreakingSpace"
8893,"âŠ½","Nor"
172,"Â¬","Not"
8802,"â‰¢","NotCongruent"
8813,"â‰­","NotCupCap"
8742,"âˆ¦","NotDoubleVerticalBar"
8713,"âˆ‰","NotElement"
8800,"â‰ ","NotEqual"
62464,"ï€","NotEqualTilde"
8708,"âˆ„","NotExists"
8815,"â‰¯","NotGreater"
8817,"â‰±","NotGreaterEqual"
8809,"â‰©","NotGreaterFullEqual"
62503,"ï§","NotGreaterGreater"
8825,"â‰¹","NotGreaterLess"
62505,"ï©","NotGreaterSlantEqual"
8821,"â‰µ","NotGreaterTilde"
62466,"ï‚","NotHumpDownHump"
62465,"ï","NotHumpEqual"
8938,"â‹ª","NotLeftTriangle"
62482,"ï’","NotLeftTriangleBar"
8940,"â‹¬","NotLeftTriangleEqual"
8814,"â‰®","NotLess"
8816,"â‰°","NotLessEqual"
8808,"â‰¨","NotLessFullEqual"
8824,"â‰¸","NotLessGreater"
62498,"ï¢","NotLessLess"
62500,"ï¤","NotLessSlantEqual"
8820,"â‰´","NotLessTilde"
62504,"ï¨","NotNestedGreaterGreater"
62499,"ï£","NotNestedLessLess"
8832,"âŠ€","NotPrecedes"
62507,"ï«","NotPrecedesEqual"
8928,"â‹ ","NotPrecedesSlantEqual"
8936,"â‹¨","NotPrecedesTilde"
8716,"âˆŒ","NotReverseElement"
8939,"â‹«","NotRightTriangle"
62483,"ï“","NotRightTriangleBar"
8941,"â‹­","NotRightTriangleEqual"
62510,"ï®","NotSquareSubset"
8930,"â‹¢","NotSquareSubsetEqual"
62511,"ï¯","NotSquareSuperset"
8931,"â‹£","NotSquareSupersetEqual"
8836,"âŠ„","NotSubset"
8840,"âŠˆ","NotSubsetEqual"
8833,"âŠ","NotSucceeds"
62509,"ï­","NotSucceedsEqual"
8929,"â‹¡","NotSucceedsSlantEqual"
8937,"â‹©","NotSucceedsTilde"
8837,"âŠ…","NotSuperset"
8841,"âŠ‰","NotSupersetEqual"
8769,"â‰","NotTilde"
8772,"â‰„","NotTildeEqual"
8775,"â‰‡","NotTildeFullEqual"
8777,"â‰‰","NotTildeTilde"
62417,"ï‘","NotVerticalBar"
241,"Ã±","NTilde"
957,"Î½","Nu"
62368,"ïŽ ","Null"
92,"\[NumberComma]","NumberComma"
63268,"ïœ¤","NumberSign"
243,"Ã³","OAcute"
337,"Å‘","ODoubleAcute"
246,"Ã¶","ODoubleDot"
339,"Å“","OE"
242,"Ã²","OGrave"
244,"Ã´","OHat"
969,"Ï‰","Omega"
959,"Î¿","Omicron"
8220,"â€œ","OpenCurlyDoubleQuote"
8216,"â€˜","OpenCurlyQuote"
63442,"ïŸ’","OptionKey"
8744,"âˆ¨","Or"
248,"Ã¸","OSlash"
245,"Ãµ","OTilde"
65079,"ï¸·","OverBrace"
9140,"âŽ´","OverBracket"
65077,"ï¸µ","OverParenthesis"
62397,"ïŽ½","PageBreakAbove"
62398,"ïŽ¾","PageBreakBelow"
182,"Â¶","Paragraph"
8233,"â€©","ParagraphSeparator"
8706,"âˆ‚","PartialD"
62430,"ïž","PermutationProduct"
10178,"âŸ‚","Perpendicular"
981,"Ï•","Phi"
960,"Ï€","Pi"
62305,"ï¡","Piecewise"
9811,"â™“","PiscesSign"
62760,"ï”¨","Placeholder"
177,"Â±","PlusMinus"
9799,"â™‡","Pluto"
8826,"â‰º","Precedes"
10927,"âª¯","PrecedesEqual"
8828,"â‰¼","PrecedesSlantEqual"
8830,"â‰¾","PrecedesTilde"
8242,"â€²","Prime"
62428,"ïœ","ProbabilityPr"
8719,"âˆ","Product"
8759,"âˆ·","Proportion"
8733,"âˆ","Proportional"
968,"Ïˆ","Psi"
9833,"â™©","QuarterNote"
38,"&","RawAmpersand"
64,"@","RawAt"
96,"`","RawBackquote"
92,"\","RawBackslash"
58,":","RawColon"
44,",","RawComma"
45,"-","RawDash"
36,"$","RawDollar"
46,".","RawDot"
34,"""","RawDoubleQuote"
61,"=","RawEqual"
27,"","RawEscape"
33,"!","RawExclamation"
62,">","RawGreater"
123,"{","RawLeftBrace"
91,"[","RawLeftBracket"
40,"(","RawLeftParenthesis"
60,"<","RawLess"
35,"#","RawNumberSign"
37,"%","RawPercent"
43,"+","RawPlus"
63,"?","RawQuestion"
39,"'","RawQuote"
13,"","RawReturn"
125,"}","RawRightBrace"
93,"]","RawRightBracket"
41,")","RawRightParenthesis"
59,";","RawSemicolon"
47,"/","RawSlash"
32," ","RawSpace"
42,"*","RawStar"
9,"	","RawTab"
126,"~","RawTilde"
95,"_","RawUnderscore"
124,"|","RawVerticalBar"
94,"^","RawWedge"
174,"Â®","RegisteredTrademark"
8629,"â†µ","ReturnIndicator"
63334,"ï¦","ReturnKey"
8246,"â€¶","ReverseDoublePrime"
8715,"âˆ‹","ReverseElement"
8651,"â‡‹","ReverseEquilibrium"
8245,"â€µ","ReversePrime"
10607,"â¥¯","ReverseUpEquilibrium"
345,"Å™","RHacek"
961,"Ï","Rho"
8735,"âˆŸ","RightAngle"
9002,"âŒª","RightAngleBracket"
8594,"â†’","RightArrow"
8677,"â‡¥","RightArrowBar"
8644,"â‡„","RightArrowLeftArrow"
61716,"ï„”","RightAssociation"
62980,"ï˜„","RightBracketingBar"
8969,"âŒ‰","RightCeiling"
12315,"ã€›","RightDoubleBracket"
62982,"ï˜†","RightDoubleBracketingBar"
10589,"â¥","RightDownTeeVector"
8642,"â‡‚","RightDownVector"
10581,"â¥•","RightDownVectorBar"
8971,"âŒ‹","RightFloor"
187,"Â»","RightGuillemet"
63340,"ï¬","RightModified"
9656,"â–¸","RightPointer"
63330,"ï¢","RightSkeleton"
8866,"âŠ¢","RightTee"
8614,"â†¦","RightTeeArrow"
10587,"â¥›","RightTeeVector"
8883,"âŠ³","RightTriangle"
10704,"â§","RightTriangleBar"
8885,"âŠµ","RightTriangleEqual"
10575,"â¥","RightUpDownVector"
10588,"â¥œ","RightUpTeeVector"
8638,"â†¾","RightUpVector"
10580,"â¥”","RightUpVectorBar"
8640,"â‡€","RightVector"
10579,"â¥“","RightVectorBar"
10608,"â¥°","RoundImplies"
62386,"ïŽ²","RoundSpaceIndicator"
62754,"ï”¢","Rule"
62751,"ï”Ÿ","RuleDelayed"
8377,"â‚¹","Rupee"
9785,"â˜¹","SadSmiley"
9808,"â™","SagittariusSign"
993,"Ï¡","Sampi"
9796,"â™„","Saturn"
9807,"â™","ScorpioSign"
63154,"ïš²","ScriptA"
63155,"ïš³","ScriptB"
63156,"ïš´","ScriptC"
63344,"ï°","ScriptCapitalA"
8492,"â„¬","ScriptCapitalB"
63346,"ï²","ScriptCapitalC"
63347,"ï³","ScriptCapitalD"
8496,"â„°","ScriptCapitalE"
8497,"â„±","ScriptCapitalF"
63350,"ï¶","ScriptCapitalG"
8459,"â„‹","ScriptCapitalH"
8464,"â„","ScriptCapitalI"
63353,"ï¹","ScriptCapitalJ"
63354,"ïº","ScriptCapitalK"
8466,"â„’","ScriptCapitalL"
8499,"â„³","ScriptCapitalM"
63357,"ï½","ScriptCapitalN"
63358,"ï¾","ScriptCapitalO"
63359,"ï¿","ScriptCapitalP"
63360,"ïž€","ScriptCapitalQ"
8475,"â„›","ScriptCapitalR"
63362,"ïž‚","ScriptCapitalS"
63363,"ïžƒ","ScriptCapitalT"
63364,"ïž„","ScriptCapitalU"
63365,"ïž…","ScriptCapitalV"
63366,"ïž†","ScriptCapitalW"
63367,"ïž‡","ScriptCapitalX"
63368,"ïžˆ","ScriptCapitalY"
63369,"ïž‰","ScriptCapitalZ"
63157,"ïšµ","ScriptD"
63280,"ïœ°","ScriptDotlessI"
63281,"ïœ±","ScriptDotlessJ"
8495,"â„¯","ScriptE"
63480,"ïŸ¸","ScriptEight"
63159,"ïš·","ScriptF"
63477,"ïŸµ","ScriptFive"
63476,"ïŸ´","ScriptFour"
8458,"â„Š","ScriptG"
63161,"ïš¹","ScriptH"
63162,"ïšº","ScriptI"
63163,"ïš»","ScriptJ"
63164,"ïš¼","ScriptK"
8467,"â„“","ScriptL"
63166,"ïš¾","ScriptM"
63167,"ïš¿","ScriptN"
63481,"ïŸ¹","ScriptNine"
8500,"â„´","ScriptO"
63473,"ïŸ±","ScriptOne"
63169,"ï›","ScriptP"
63170,"ï›‚","ScriptQ"
63171,"ï›ƒ","ScriptR"
63172,"ï›„","ScriptS"
63479,"ïŸ·","ScriptSeven"
63478,"ïŸ¶","ScriptSix"
63173,"ï›…","ScriptT"
63475,"ïŸ³","ScriptThree"
63474,"ïŸ²","ScriptTwo"
63174,"ï›†","ScriptU"
63175,"ï›‡","ScriptV"
63176,"ï›ˆ","ScriptW"
63177,"ï›‰","ScriptX"
63178,"ï›Š","ScriptY"
63179,"ï›‹","ScriptZ"
63472,"ïŸ°","ScriptZero"
167,"Â§","Section"
62759,"ï”§","SelectionPlaceholder"
353,"Å¡","SHacek"
61725,"ï„","Shah"
9839,"â™¯","Sharp"
63445,"ïŸ•","ShiftKey"
62763,"ï”«","ShortDownArrow"
62758,"ï”¦","ShortLeftArrow"
62757,"ï”¥","ShortRightArrow"
62762,"ï”ª","ShortUpArrow"
963,"Ïƒ","Sigma"
10038,"âœ¶","SixPointedStar"
8259,"âƒ","SkeletonIndicator"
8728,"âˆ˜","SmallCircle"
9251,"â£","SpaceIndicator"
63423,"ïž¿","SpaceKey"
9824,"â™ ","SpadeSuit"
62395,"ïŽ»","SpanFromAbove"
62396,"ïŽ¼","SpanFromBoth"
62394,"ïŽº","SpanFromLeft"
8738,"âˆ¢","SphericalAngle"
63274,"ïœª","Spooky"
8730,"âˆš","Sqrt"
62752,"ï” ","Square"
8851,"âŠ“","SquareIntersection"
8847,"âŠ","SquareSubset"
8849,"âŠ‘","SquareSubsetEqual"
8848,"âŠ","SquareSuperset"
8850,"âŠ’","SquareSupersetEqual"
8852,"âŠ”","SquareUnion"
8902,"â‹†","Star"
62413,"ï","StepperDown"
62411,"ï‹","StepperLeft"
62410,"ïŠ","StepperRight"
62412,"ïŒ","StepperUp"
163,"Â£","Sterling"
987,"Ï›","Stigma"
8834,"âŠ‚","Subset"
8838,"âŠ†","SubsetEqual"
8827,"â‰»","Succeeds"
10928,"âª°","SucceedsEqual"
8829,"â‰½","SucceedsSlantEqual"
8831,"â‰¿","SucceedsTilde"
8717,"âˆ","SuchThat"
8721,"âˆ‘","Sum"
9737,"â˜‰","Sun"
8835,"âŠƒ","Superset"
8839,"âŠ‡","SupersetEqual"
63327,"ïŸ","SystemEnterKey"
62383,"ïŽ¯","SystemsModelDelay"
223,"ÃŸ","SZ"
63422,"ïž¾","TabKey"
964,"Ï„","Tau"
9801,"â™‰","TaurusSign"
62426,"ïš","TensorProduct"
62427,"ï›","TensorWedge"
357,"Å¥","THacek"
8756,"âˆ´","Therefore"
952,"Î¸","Theta"
8197,"â€…","ThickSpace"
8201,"â€‰","ThinSpace"
254,"Ã¾","Thorn"
8764,"âˆ¼","Tilde"
8771,"â‰ƒ","TildeEqual"
8773,"â‰…","TildeFullEqual"
8776,"â‰ˆ","TildeTilde"
215,"Ã—","Times"
8482,"â„¢","Trademark"
62407,"ï‡","Transpose"
63320,"ï˜","TripleDot"
61728,"ï„ ","TwoWayRule"
250,"Ãº","UAcute"
369,"Å±","UDoubleAcute"
252,"Ã¼","UDoubleDot"
249,"Ã¹","UGrave"
251,"Ã»","UHat"
65080,"ï¸¸","UnderBrace"
9141,"âŽµ","UnderBracket"
65078,"ï¸¶","UnderParenthesis"
62420,"ï”","UndirectedEdge"
8899,"â‹ƒ","Union"
8846,"âŠŽ","UnionPlus"
65533,"ï¿½","UnknownGlyph"
8593,"â†‘","UpArrow"
10514,"â¤’","UpArrowBar"
8645,"â‡…","UpArrowDownArrow"
8597,"â†•","UpDownArrow"
10606,"â¥®","UpEquilibrium"
8598,"â†–","UpperLeftArrow"
8599,"â†—","UpperRightArrow"
9652,"â–´","UpPointer"
965,"Ï…","Upsilon"
8869,"âŠ¥","UpTee"
8613,"â†¥","UpTeeArrow"
9954,"â›¢","Uranus"
367,"Å¯","URing"
8897,"â‹","Vee"
9792,"â™€","Venus"
62416,"ï","VerticalBar"
8942,"â‹®","VerticalEllipsis"
9474,"â”‚","VerticalLine"
62514,"ï²","VerticalSeparator"
8768,"â‰€","VerticalTilde"
8202,"â€Š","VeryThinSpace"
63271,"ïœ§","Villa"
9805,"â™","VirgoSign"
63269,"ïœ¥","WarningSign"
8986,"âŒš","WatchIcon"
8896,"â‹€","Wedge"
8472,"â„˜","WeierstrassP"
9815,"â™—","WhiteBishop"
9812,"â™”","WhiteKing"
9816,"â™˜","WhiteKnight"
9817,"â™™","WhitePawn"
9813,"â™•","WhiteQueen"
9814,"â™–","WhiteRook"
63264,"ïœ ","Wolf"
62290,"ï’","WolframAlphaPrompt"
61726,"ï„ž","WolframLanguageLogo"
61727,"ï„Ÿ","WolframLanguageLogoCircle"
958,"Î¾","Xi"
62626,"ï’¢","Xnor"
8891,"âŠ»","Xor"
253,"Ã½","YAcute"
255,"Ã¿","YDoubleDot"
165,"Â¥","Yen"
950,"Î¶","Zeta"
382,"Å¾","ZHacek"
